ReportDataDictionaryIndex,Name,Units,Type,IndexGroup,KeyValue,ReportingFrequency,IsMeter,DataCount,Has_Data
1290,Cooling:EnergyTransfer,J,Sum,Facility:EnergyTransfer:Cooling,,Monthly,1,12,True
23,Electricity:Facility,J,Sum,Facility:Electricity,,Daily,1,365,True
1241,Heating:EnergyTransfer,J,Sum,Facility:EnergyTransfer:Heating,,Monthly,1,12,True
9,Site Diffuse Solar Radiation Rate per Area,W/m2,Avg,Zone,Environment,Monthly,0,12,True
7,Site Outdoor Air Drybulb Temperature,C,Avg,Zone,Environment,Monthly,0,12,True
8,Site Outdoor Air Relative Humidity,%,Avg,Zone,Environment,Monthly,0,12,True
978,Surface Inside Face Conduction Heat Transfer Rate,W,Avg,Zone,ZONE1_CORE_CEILING,Monthly,0,12,True
975,Surface Inside Face Conduction Heat Transfer Rate,W,Avg,Zone,ZONE1_CORE_FLOOR,Monthly,0,12,True
963,Surface Inside Face Conduction Heat Transfer Rate,W,Avg,Zone,ZONE1_CORE_WALL_0,Monthly,0,12,True
966,Surface Inside Face Conduction Heat Transfer Rate,W,Avg,Zone,ZONE1_CORE_WALL_1,Monthly,0,12,True
969,Surface Inside Face Conduction Heat Transfer Rate,W,Avg,Zone,ZONE1_CORE_WALL_2,Monthly,0,12,True
972,Surface Inside Face Conduction Heat Transfer Rate,W,Avg,Zone,ZONE1_CORE_WALL_3,Monthly,0,12,True
894,Surface Inside Face Conduction Heat Transfer Rate,W,Avg,Zone,ZONE1_FRONTPERIMETER_CEILING,Monthly,0,12,True
891,Surface Inside Face Conduction Heat Transfer Rate,W,Avg,Zone,ZONE1_FRONTPERIMETER_FLOOR,Monthly,0,12,True
879,Surface Inside Face Conduction Heat Transfer Rate,W,Avg,Zone,ZONE1_FRONTPERIMETER_WALL_0,Monthly,0,12,True
882,Surface Inside Face Conduction Heat Transfer Rate,W,Avg,Zone,ZONE1_FRONTPERIMETER_WALL_1,Monthly,0,12,True
885,Surface Inside Face Conduction Heat Transfer Rate,W,Avg,Zone,ZONE1_FRONTPERIMETER_WALL_2,Monthly,0,12,True
888,Surface Inside Face Conduction Heat Transfer Rate,W,Avg,Zone,ZONE1_FRONTPERIMETER_WALL_3,Monthly,0,12,True
956,Surface Inside Face Conduction Heat Transfer Rate,W,Avg,Zone,ZONE1_LEFTPERIMETER_CEILING,Monthly,0,12,True
953,Surface Inside Face Conduction Heat Transfer Rate,W,Avg,Zone,ZONE1_LEFTPERIMETER_FLOOR,Monthly,0,12,True
941,Surface Inside Face Conduction Heat Transfer Rate,W,Avg,Zone,ZONE1_LEFTPERIMETER_WALL_0,Monthly,0,12,True
944,Surface Inside Face Conduction Heat Transfer Rate,W,Avg,Zone,ZONE1_LEFTPERIMETER_WALL_1,Monthly,0,12,True
947,Surface Inside Face Conduction Heat Transfer Rate,W,Avg,Zone,ZONE1_LEFTPERIMETER_WALL_2,Monthly,0,12,True
950,Surface Inside Face Conduction Heat Transfer Rate,W,Avg,Zone,ZONE1_LEFTPERIMETER_WALL_3,Monthly,0,12,True
934,Surface Inside Face Conduction Heat Transfer Rate,W,Avg,Zone,ZONE1_REARPERIMETER_CEILING,Monthly,0,12,True
931,Surface Inside Face Conduction Heat Transfer Rate,W,Avg,Zone,ZONE1_REARPERIMETER_FLOOR,Monthly,0,12,True
919,Surface Inside Face Conduction Heat Transfer Rate,W,Avg,Zone,ZONE1_REARPERIMETER_WALL_0,Monthly,0,12,True
922,Surface Inside Face Conduction Heat Transfer Rate,W,Avg,Zone,ZONE1_REARPERIMETER_WALL_1,Monthly,0,12,True
925,Surface Inside Face Conduction Heat Transfer Rate,W,Avg,Zone,ZONE1_REARPERIMETER_WALL_2,Monthly,0,12,True
928,Surface Inside Face Conduction Heat Transfer Rate,W,Avg,Zone,ZONE1_REARPERIMETER_WALL_3,Monthly,0,12,True
916,Surface Inside Face Conduction Heat Transfer Rate,W,Avg,Zone,ZONE1_RIGHTPERIMETER_CEILING,Monthly,0,12,True
913,Surface Inside Face Conduction Heat Transfer Rate,W,Avg,Zone,ZONE1_RIGHTPERIMETER_FLOOR,Monthly,0,12,True
901,Surface Inside Face Conduction Heat Transfer Rate,W,Avg,Zone,ZONE1_RIGHTPERIMETER_WALL_0,Monthly,0,12,True
904,Surface Inside Face Conduction Heat Transfer Rate,W,Avg,Zone,ZONE1_RIGHTPERIMETER_WALL_1,Monthly,0,12,True
907,Surface Inside Face Conduction Heat Transfer Rate,W,Avg,Zone,ZONE1_RIGHTPERIMETER_WALL_2,Monthly,0,12,True
910,Surface Inside Face Conduction Heat Transfer Rate,W,Avg,Zone,ZONE1_RIGHTPERIMETER_WALL_3,Monthly,0,12,True
1077,Surface Inside Face Conduction Heat Transfer Rate,W,Avg,Zone,ZONE2_CORE_FLOOR,Monthly,0,12,True
1080,Surface Inside Face Conduction Heat Transfer Rate,W,Avg,Zone,ZONE2_CORE_ROOF,Monthly,0,12,True
1065,Surface Inside Face Conduction Heat Transfer Rate,W,Avg,Zone,ZONE2_CORE_WALL_0,Monthly,0,12,True
1068,Surface Inside Face Conduction Heat Transfer Rate,W,Avg,Zone,ZONE2_CORE_WALL_1,Monthly,0,12,True
1071,Surface Inside Face Conduction Heat Transfer Rate,W,Avg,Zone,ZONE2_CORE_WALL_2,Monthly,0,12,True
1074,Surface Inside Face Conduction Heat Transfer Rate,W,Avg,Zone,ZONE2_CORE_WALL_3,Monthly,0,12,True
993,Surface Inside Face Conduction Heat Transfer Rate,W,Avg,Zone,ZONE2_FRONTPERIMETER_FLOOR,Monthly,0,12,True
996,Surface Inside Face Conduction Heat Transfer Rate,W,Avg,Zone,ZONE2_FRONTPERIMETER_ROOF,Monthly,0,12,True
981,Surface Inside Face Conduction Heat Transfer Rate,W,Avg,Zone,ZONE2_FRONTPERIMETER_WALL_0,Monthly,0,12,True
984,Surface Inside Face Conduction Heat Transfer Rate,W,Avg,Zone,ZONE2_FRONTPERIMETER_WALL_1,Monthly,0,12,True
987,Surface Inside Face Conduction Heat Transfer Rate,W,Avg,Zone,ZONE2_FRONTPERIMETER_WALL_2,Monthly,0,12,True
990,Surface Inside Face Conduction Heat Transfer Rate,W,Avg,Zone,ZONE2_FRONTPERIMETER_WALL_3,Monthly,0,12,True
1055,Surface Inside Face Conduction Heat Transfer Rate,W,Avg,Zone,ZONE2_LEFTPERIMETER_FLOOR,Monthly,0,12,True
1058,Surface Inside Face Conduction Heat Transfer Rate,W,Avg,Zone,ZONE2_LEFTPERIMETER_ROOF,Monthly,0,12,True
1043,Surface Inside Face Conduction Heat Transfer Rate,W,Avg,Zone,ZONE2_LEFTPERIMETER_WALL_0,Monthly,0,12,True
1046,Surface Inside Face Conduction Heat Transfer Rate,W,Avg,Zone,ZONE2_LEFTPERIMETER_WALL_1,Monthly,0,12,True
1049,Surface Inside Face Conduction Heat Transfer Rate,W,Avg,Zone,ZONE2_LEFTPERIMETER_WALL_2,Monthly,0,12,True
1052,Surface Inside Face Conduction Heat Transfer Rate,W,Avg,Zone,ZONE2_LEFTPERIMETER_WALL_3,Monthly,0,12,True
1033,Surface Inside Face Conduction Heat Transfer Rate,W,Avg,Zone,ZONE2_REARPERIMETER_FLOOR,Monthly,0,12,True
1036,Surface Inside Face Conduction Heat Transfer Rate,W,Avg,Zone,ZONE2_REARPERIMETER_ROOF,Monthly,0,12,True
1021,Surface Inside Face Conduction Heat Transfer Rate,W,Avg,Zone,ZONE2_REARPERIMETER_WALL_0,Monthly,0,12,True
1024,Surface Inside Face Conduction Heat Transfer Rate,W,Avg,Zone,ZONE2_REARPERIMETER_WALL_1,Monthly,0,12,True
1027,Surface Inside Face Conduction Heat Transfer Rate,W,Avg,Zone,ZONE2_REARPERIMETER_WALL_2,Monthly,0,12,True
1030,Surface Inside Face Conduction Heat Transfer Rate,W,Avg,Zone,ZONE2_REARPERIMETER_WALL_3,Monthly,0,12,True
1015,Surface Inside Face Conduction Heat Transfer Rate,W,Avg,Zone,ZONE2_RIGHTPERIMETER_FLOOR,Monthly,0,12,True
1018,Surface Inside Face Conduction Heat Transfer Rate,W,Avg,Zone,ZONE2_RIGHTPERIMETER_ROOF,Monthly,0,12,True
1003,Surface Inside Face Conduction Heat Transfer Rate,W,Avg,Zone,ZONE2_RIGHTPERIMETER_WALL_0,Monthly,0,12,True
1006,Surface Inside Face Conduction Heat Transfer Rate,W,Avg,Zone,ZONE2_RIGHTPERIMETER_WALL_1,Monthly,0,12,True
1009,Surface Inside Face Conduction Heat Transfer Rate,W,Avg,Zone,ZONE2_RIGHTPERIMETER_WALL_2,Monthly,0,12,True
1012,Surface Inside Face Conduction Heat Transfer Rate,W,Avg,Zone,ZONE2_RIGHTPERIMETER_WALL_3,Monthly,0,12,True
976,Surface Inside Face Temperature,C,Avg,Zone,ZONE1_CORE_CEILING,Monthly,0,12,True
973,Surface Inside Face Temperature,C,Avg,Zone,ZONE1_CORE_FLOOR,Monthly,0,12,True
961,Surface Inside Face Temperature,C,Avg,Zone,ZONE1_CORE_WALL_0,Monthly,0,12,True
964,Surface Inside Face Temperature,C,Avg,Zone,ZONE1_CORE_WALL_1,Monthly,0,12,True
967,Surface Inside Face Temperature,C,Avg,Zone,ZONE1_CORE_WALL_2,Monthly,0,12,True
970,Surface Inside Face Temperature,C,Avg,Zone,ZONE1_CORE_WALL_3,Monthly,0,12,True
892,Surface Inside Face Temperature,C,Avg,Zone,ZONE1_FRONTPERIMETER_CEILING,Monthly,0,12,True
889,Surface Inside Face Temperature,C,Avg,Zone,ZONE1_FRONTPERIMETER_FLOOR,Monthly,0,12,True
877,Surface Inside Face Temperature,C,Avg,Zone,ZONE1_FRONTPERIMETER_WALL_0,Monthly,0,12,True
895,Surface Inside Face Temperature,C,Avg,Zone,ZONE1_FRONTPERIMETER_WALL_0 WINDOW,Monthly,0,12,True
880,Surface Inside Face Temperature,C,Avg,Zone,ZONE1_FRONTPERIMETER_WALL_1,Monthly,0,12,True
883,Surface Inside Face Temperature,C,Avg,Zone,ZONE1_FRONTPERIMETER_WALL_2,Monthly,0,12,True
886,Surface Inside Face Temperature,C,Avg,Zone,ZONE1_FRONTPERIMETER_WALL_3,Monthly,0,12,True
954,Surface Inside Face Temperature,C,Avg,Zone,ZONE1_LEFTPERIMETER_CEILING,Monthly,0,12,True
951,Surface Inside Face Temperature,C,Avg,Zone,ZONE1_LEFTPERIMETER_FLOOR,Monthly,0,12,True
939,Surface Inside Face Temperature,C,Avg,Zone,ZONE1_LEFTPERIMETER_WALL_0,Monthly,0,12,True
957,Surface Inside Face Temperature,C,Avg,Zone,ZONE1_LEFTPERIMETER_WALL_0 WINDOW,Monthly,0,12,True
942,Surface Inside Face Temperature,C,Avg,Zone,ZONE1_LEFTPERIMETER_WALL_1,Monthly,0,12,True
945,Surface Inside Face Temperature,C,Avg,Zone,ZONE1_LEFTPERIMETER_WALL_2,Monthly,0,12,True
948,Surface Inside Face Temperature,C,Avg,Zone,ZONE1_LEFTPERIMETER_WALL_3,Monthly,0,12,True
932,Surface Inside Face Temperature,C,Avg,Zone,ZONE1_REARPERIMETER_CEILING,Monthly,0,12,True
929,Surface Inside Face Temperature,C,Avg,Zone,ZONE1_REARPERIMETER_FLOOR,Monthly,0,12,True
917,Surface Inside Face Temperature,C,Avg,Zone,ZONE1_REARPERIMETER_WALL_0,Monthly,0,12,True
935,Surface Inside Face Temperature,C,Avg,Zone,ZONE1_REARPERIMETER_WALL_0 WINDOW,Monthly,0,12,True
920,Surface Inside Face Temperature,C,Avg,Zone,ZONE1_REARPERIMETER_WALL_1,Monthly,0,12,True
923,Surface Inside Face Temperature,C,Avg,Zone,ZONE1_REARPERIMETER_WALL_2,Monthly,0,12,True
926,Surface Inside Face Temperature,C,Avg,Zone,ZONE1_REARPERIMETER_WALL_3,Monthly,0,12,True
914,Surface Inside Face Temperature,C,Avg,Zone,ZONE1_RIGHTPERIMETER_CEILING,Monthly,0,12,True
911,Surface Inside Face Temperature,C,Avg,Zone,ZONE1_RIGHTPERIMETER_FLOOR,Monthly,0,12,True
899,Surface Inside Face Temperature,C,Avg,Zone,ZONE1_RIGHTPERIMETER_WALL_0,Monthly,0,12,True
902,Surface Inside Face Temperature,C,Avg,Zone,ZONE1_RIGHTPERIMETER_WALL_1,Monthly,0,12,True
905,Surface Inside Face Temperature,C,Avg,Zone,ZONE1_RIGHTPERIMETER_WALL_2,Monthly,0,12,True
908,Surface Inside Face Temperature,C,Avg,Zone,ZONE1_RIGHTPERIMETER_WALL_3,Monthly,0,12,True
1075,Surface Inside Face Temperature,C,Avg,Zone,ZONE2_CORE_FLOOR,Monthly,0,12,True
1078,Surface Inside Face Temperature,C,Avg,Zone,ZONE2_CORE_ROOF,Monthly,0,12,True
1063,Surface Inside Face Temperature,C,Avg,Zone,ZONE2_CORE_WALL_0,Monthly,0,12,True
1066,Surface Inside Face Temperature,C,Avg,Zone,ZONE2_CORE_WALL_1,Monthly,0,12,True
1069,Surface Inside Face Temperature,C,Avg,Zone,ZONE2_CORE_WALL_2,Monthly,0,12,True
1072,Surface Inside Face Temperature,C,Avg,Zone,ZONE2_CORE_WALL_3,Monthly,0,12,True
991,Surface Inside Face Temperature,C,Avg,Zone,ZONE2_FRONTPERIMETER_FLOOR,Monthly,0,12,True
994,Surface Inside Face Temperature,C,Avg,Zone,ZONE2_FRONTPERIMETER_ROOF,Monthly,0,12,True
979,Surface Inside Face Temperature,C,Avg,Zone,ZONE2_FRONTPERIMETER_WALL_0,Monthly,0,12,True
997,Surface Inside Face Temperature,C,Avg,Zone,ZONE2_FRONTPERIMETER_WALL_0 WINDOW,Monthly,0,12,True
982,Surface Inside Face Temperature,C,Avg,Zone,ZONE2_FRONTPERIMETER_WALL_1,Monthly,0,12,True
985,Surface Inside Face Temperature,C,Avg,Zone,ZONE2_FRONTPERIMETER_WALL_2,Monthly,0,12,True
988,Surface Inside Face Temperature,C,Avg,Zone,ZONE2_FRONTPERIMETER_WALL_3,Monthly,0,12,True
1053,Surface Inside Face Temperature,C,Avg,Zone,ZONE2_LEFTPERIMETER_FLOOR,Monthly,0,12,True
1056,Surface Inside Face Temperature,C,Avg,Zone,ZONE2_LEFTPERIMETER_ROOF,Monthly,0,12,True
1041,Surface Inside Face Temperature,C,Avg,Zone,ZONE2_LEFTPERIMETER_WALL_0,Monthly,0,12,True
1059,Surface Inside Face Temperature,C,Avg,Zone,ZONE2_LEFTPERIMETER_WALL_0 WINDOW,Monthly,0,12,True
1044,Surface Inside Face Temperature,C,Avg,Zone,ZONE2_LEFTPERIMETER_WALL_1,Monthly,0,12,True
1047,Surface Inside Face Temperature,C,Avg,Zone,ZONE2_LEFTPERIMETER_WALL_2,Monthly,0,12,True
1050,Surface Inside Face Temperature,C,Avg,Zone,ZONE2_LEFTPERIMETER_WALL_3,Monthly,0,12,True
1031,Surface Inside Face Temperature,C,Avg,Zone,ZONE2_REARPERIMETER_FLOOR,Monthly,0,12,True
1034,Surface Inside Face Temperature,C,Avg,Zone,ZONE2_REARPERIMETER_ROOF,Monthly,0,12,True
1019,Surface Inside Face Temperature,C,Avg,Zone,ZONE2_REARPERIMETER_WALL_0,Monthly,0,12,True
1037,Surface Inside Face Temperature,C,Avg,Zone,ZONE2_REARPERIMETER_WALL_0 WINDOW,Monthly,0,12,True
1022,Surface Inside Face Temperature,C,Avg,Zone,ZONE2_REARPERIMETER_WALL_1,Monthly,0,12,True
1025,Surface Inside Face Temperature,C,Avg,Zone,ZONE2_REARPERIMETER_WALL_2,Monthly,0,12,True
1028,Surface Inside Face Temperature,C,Avg,Zone,ZONE2_REARPERIMETER_WALL_3,Monthly,0,12,True
1013,Surface Inside Face Temperature,C,Avg,Zone,ZONE2_RIGHTPERIMETER_FLOOR,Monthly,0,12,True
1016,Surface Inside Face Temperature,C,Avg,Zone,ZONE2_RIGHTPERIMETER_ROOF,Monthly,0,12,True
1001,Surface Inside Face Temperature,C,Avg,Zone,ZONE2_RIGHTPERIMETER_WALL_0,Monthly,0,12,True
1004,Surface Inside Face Temperature,C,Avg,Zone,ZONE2_RIGHTPERIMETER_WALL_1,Monthly,0,12,True
1007,Surface Inside Face Temperature,C,Avg,Zone,ZONE2_RIGHTPERIMETER_WALL_2,Monthly,0,12,True
1010,Surface Inside Face Temperature,C,Avg,Zone,ZONE2_RIGHTPERIMETER_WALL_3,Monthly,0,12,True
812,Surface Outside Face Incident Solar Radiation Rate per Area,W/m2,Avg,Zone,ZONE1_FRONTPERIMETER_WALL_0,Monthly,0,12,True
813,Surface Outside Face Incident Solar Radiation Rate per Area,W/m2,Avg,Zone,ZONE1_FRONTPERIMETER_WALL_0 WINDOW,Monthly,0,12,True
832,Surface Outside Face Incident Solar Radiation Rate per Area,W/m2,Avg,Zone,ZONE1_LEFTPERIMETER_WALL_0,Monthly,0,12,True
833,Surface Outside Face Incident Solar Radiation Rate per Area,W/m2,Avg,Zone,ZONE1_LEFTPERIMETER_WALL_0 WINDOW,Monthly,0,12,True
822,Surface Outside Face Incident Solar Radiation Rate per Area,W/m2,Avg,Zone,ZONE1_REARPERIMETER_WALL_0,Monthly,0,12,True
823,Surface Outside Face Incident Solar Radiation Rate per Area,W/m2,Avg,Zone,ZONE1_REARPERIMETER_WALL_0 WINDOW,Monthly,0,12,True
876,Surface Outside Face Incident Solar Radiation Rate per Area,W/m2,Avg,Zone,ZONE2_CORE_ROOF,Monthly,0,12,True
843,Surface Outside Face Incident Solar Radiation Rate per Area,W/m2,Avg,Zone,ZONE2_FRONTPERIMETER_ROOF,Monthly,0,12,True
842,Surface Outside Face Incident Solar Radiation Rate per Area,W/m2,Avg,Zone,ZONE2_FRONTPERIMETER_WALL_0,Monthly,0,12,True
844,Surface Outside Face Incident Solar Radiation Rate per Area,W/m2,Avg,Zone,ZONE2_FRONTPERIMETER_WALL_0 WINDOW,Monthly,0,12,True
866,Surface Outside Face Incident Solar Radiation Rate per Area,W/m2,Avg,Zone,ZONE2_LEFTPERIMETER_ROOF,Monthly,0,12,True
865,Surface Outside Face Incident Solar Radiation Rate per Area,W/m2,Avg,Zone,ZONE2_LEFTPERIMETER_WALL_0,Monthly,0,12,True
867,Surface Outside Face Incident Solar Radiation Rate per Area,W/m2,Avg,Zone,ZONE2_LEFTPERIMETER_WALL_0 WINDOW,Monthly,0,12,True
855,Surface Outside Face Incident Solar Radiation Rate per Area,W/m2,Avg,Zone,ZONE2_REARPERIMETER_ROOF,Monthly,0,12,True
854,Surface Outside Face Incident Solar Radiation Rate per Area,W/m2,Avg,Zone,ZONE2_REARPERIMETER_WALL_0,Monthly,0,12,True
856,Surface Outside Face Incident Solar Radiation Rate per Area,W/m2,Avg,Zone,ZONE2_REARPERIMETER_WALL_0 WINDOW,Monthly,0,12,True
853,Surface Outside Face Incident Solar Radiation Rate per Area,W/m2,Avg,Zone,ZONE2_RIGHTPERIMETER_ROOF,Monthly,0,12,True
977,Surface Outside Face Temperature,C,Avg,Zone,ZONE1_CORE_CEILING,Monthly,0,12,True
974,Surface Outside Face Temperature,C,Avg,Zone,ZONE1_CORE_FLOOR,Monthly,0,12,True
962,Surface Outside Face Temperature,C,Avg,Zone,ZONE1_CORE_WALL_0,Monthly,0,12,True
965,Surface Outside Face Temperature,C,Avg,Zone,ZONE1_CORE_WALL_1,Monthly,0,12,True
968,Surface Outside Face Temperature,C,Avg,Zone,ZONE1_CORE_WALL_2,Monthly,0,12,True
971,Surface Outside Face Temperature,C,Avg,Zone,ZONE1_CORE_WALL_3,Monthly,0,12,True
893,Surface Outside Face Temperature,C,Avg,Zone,ZONE1_FRONTPERIMETER_CEILING,Monthly,0,12,True
890,Surface Outside Face Temperature,C,Avg,Zone,ZONE1_FRONTPERIMETER_FLOOR,Monthly,0,12,True
878,Surface Outside Face Temperature,C,Avg,Zone,ZONE1_FRONTPERIMETER_WALL_0,Monthly,0,12,True
896,Surface Outside Face Temperature,C,Avg,Zone,ZONE1_FRONTPERIMETER_WALL_0 WINDOW,Monthly,0,12,True
881,Surface Outside Face Temperature,C,Avg,Zone,ZONE1_FRONTPERIMETER_WALL_1,Monthly,0,12,True
884,Surface Outside Face Temperature,C,Avg,Zone,ZONE1_FRONTPERIMETER_WALL_2,Monthly,0,12,True
887,Surface Outside Face Temperature,C,Avg,Zone,ZONE1_FRONTPERIMETER_WALL_3,Monthly,0,12,True
955,Surface Outside Face Temperature,C,Avg,Zone,ZONE1_LEFTPERIMETER_CEILING,Monthly,0,12,True
952,Surface Outside Face Temperature,C,Avg,Zone,ZONE1_LEFTPERIMETER_FLOOR,Monthly,0,12,True
940,Surface Outside Face Temperature,C,Avg,Zone,ZONE1_LEFTPERIMETER_WALL_0,Monthly,0,12,True
958,Surface Outside Face Temperature,C,Avg,Zone,ZONE1_LEFTPERIMETER_WALL_0 WINDOW,Monthly,0,12,True
943,Surface Outside Face Temperature,C,Avg,Zone,ZONE1_LEFTPERIMETER_WALL_1,Monthly,0,12,True
946,Surface Outside Face Temperature,C,Avg,Zone,ZONE1_LEFTPERIMETER_WALL_2,Monthly,0,12,True
949,Surface Outside Face Temperature,C,Avg,Zone,ZONE1_LEFTPERIMETER_WALL_3,Monthly,0,12,True
933,Surface Outside Face Temperature,C,Avg,Zone,ZONE1_REARPERIMETER_CEILING,Monthly,0,12,True
930,Surface Outside Face Temperature,C,Avg,Zone,ZONE1_REARPERIMETER_FLOOR,Monthly,0,12,True
918,Surface Outside Face Temperature,C,Avg,Zone,ZONE1_REARPERIMETER_WALL_0,Monthly,0,12,True
936,Surface Outside Face Temperature,C,Avg,Zone,ZONE1_REARPERIMETER_WALL_0 WINDOW,Monthly,0,12,True
921,Surface Outside Face Temperature,C,Avg,Zone,ZONE1_REARPERIMETER_WALL_1,Monthly,0,12,True
924,Surface Outside Face Temperature,C,Avg,Zone,ZONE1_REARPERIMETER_WALL_2,Monthly,0,12,True
927,Surface Outside Face Temperature,C,Avg,Zone,ZONE1_REARPERIMETER_WALL_3,Monthly,0,12,True
915,Surface Outside Face Temperature,C,Avg,Zone,ZONE1_RIGHTPERIMETER_CEILING,Monthly,0,12,True
912,Surface Outside Face Temperature,C,Avg,Zone,ZONE1_RIGHTPERIMETER_FLOOR,Monthly,0,12,True
900,Surface Outside Face Temperature,C,Avg,Zone,ZONE1_RIGHTPERIMETER_WALL_0,Monthly,0,12,True
903,Surface Outside Face Temperature,C,Avg,Zone,ZONE1_RIGHTPERIMETER_WALL_1,Monthly,0,12,True
906,Surface Outside Face Temperature,C,Avg,Zone,ZONE1_RIGHTPERIMETER_WALL_2,Monthly,0,12,True
909,Surface Outside Face Temperature,C,Avg,Zone,ZONE1_RIGHTPERIMETER_WALL_3,Monthly,0,12,True
1076,Surface Outside Face Temperature,C,Avg,Zone,ZONE2_CORE_FLOOR,Monthly,0,12,True
1079,Surface Outside Face Temperature,C,Avg,Zone,ZONE2_CORE_ROOF,Monthly,0,12,True
1064,Surface Outside Face Temperature,C,Avg,Zone,ZONE2_CORE_WALL_0,Monthly,0,12,True
1067,Surface Outside Face Temperature,C,Avg,Zone,ZONE2_CORE_WALL_1,Monthly,0,12,True
1070,Surface Outside Face Temperature,C,Avg,Zone,ZONE2_CORE_WALL_2,Monthly,0,12,True
1073,Surface Outside Face Temperature,C,Avg,Zone,ZONE2_CORE_WALL_3,Monthly,0,12,True
992,Surface Outside Face Temperature,C,Avg,Zone,ZONE2_FRONTPERIMETER_FLOOR,Monthly,0,12,True
995,Surface Outside Face Temperature,C,Avg,Zone,ZONE2_FRONTPERIMETER_ROOF,Monthly,0,12,True
980,Surface Outside Face Temperature,C,Avg,Zone,ZONE2_FRONTPERIMETER_WALL_0,Monthly,0,12,True
998,Surface Outside Face Temperature,C,Avg,Zone,ZONE2_FRONTPERIMETER_WALL_0 WINDOW,Monthly,0,12,True
983,Surface Outside Face Temperature,C,Avg,Zone,ZONE2_FRONTPERIMETER_WALL_1,Monthly,0,12,True
986,Surface Outside Face Temperature,C,Avg,Zone,ZONE2_FRONTPERIMETER_WALL_2,Monthly,0,12,True
989,Surface Outside Face Temperature,C,Avg,Zone,ZONE2_FRONTPERIMETER_WALL_3,Monthly,0,12,True
1054,Surface Outside Face Temperature,C,Avg,Zone,ZONE2_LEFTPERIMETER_FLOOR,Monthly,0,12,True
1057,Surface Outside Face Temperature,C,Avg,Zone,ZONE2_LEFTPERIMETER_ROOF,Monthly,0,12,True
1042,Surface Outside Face Temperature,C,Avg,Zone,ZONE2_LEFTPERIMETER_WALL_0,Monthly,0,12,True
1060,Surface Outside Face Temperature,C,Avg,Zone,ZONE2_LEFTPERIMETER_WALL_0 WINDOW,Monthly,0,12,True
1045,Surface Outside Face Temperature,C,Avg,Zone,ZONE2_LEFTPERIMETER_WALL_1,Monthly,0,12,True
1048,Surface Outside Face Temperature,C,Avg,Zone,ZONE2_LEFTPERIMETER_WALL_2,Monthly,0,12,True
1051,Surface Outside Face Temperature,C,Avg,Zone,ZONE2_LEFTPERIMETER_WALL_3,Monthly,0,12,True
1032,Surface Outside Face Temperature,C,Avg,Zone,ZONE2_REARPERIMETER_FLOOR,Monthly,0,12,True
1035,Surface Outside Face Temperature,C,Avg,Zone,ZONE2_REARPERIMETER_ROOF,Monthly,0,12,True
1020,Surface Outside Face Temperature,C,Avg,Zone,ZONE2_REARPERIMETER_WALL_0,Monthly,0,12,True
1038,Surface Outside Face Temperature,C,Avg,Zone,ZONE2_REARPERIMETER_WALL_0 WINDOW,Monthly,0,12,True
1023,Surface Outside Face Temperature,C,Avg,Zone,ZONE2_REARPERIMETER_WALL_1,Monthly,0,12,True
1026,Surface Outside Face Temperature,C,Avg,Zone,ZONE2_REARPERIMETER_WALL_2,Monthly,0,12,True
1029,Surface Outside Face Temperature,C,Avg,Zone,ZONE2_REARPERIMETER_WALL_3,Monthly,0,12,True
1014,Surface Outside Face Temperature,C,Avg,Zone,ZONE2_RIGHTPERIMETER_FLOOR,Monthly,0,12,True
1017,Surface Outside Face Temperature,C,Avg,Zone,ZONE2_RIGHTPERIMETER_ROOF,Monthly,0,12,True
1002,Surface Outside Face Temperature,C,Avg,Zone,ZONE2_RIGHTPERIMETER_WALL_0,Monthly,0,12,True
1005,Surface Outside Face Temperature,C,Avg,Zone,ZONE2_RIGHTPERIMETER_WALL_1,Monthly,0,12,True
1008,Surface Outside Face Temperature,C,Avg,Zone,ZONE2_RIGHTPERIMETER_WALL_2,Monthly,0,12,True
1011,Surface Outside Face Temperature,C,Avg,Zone,ZONE2_RIGHTPERIMETER_WALL_3,Monthly,0,12,True
897,Surface Shading Device Is On Time Fraction,,Avg,Zone,ZONE1_FRONTPERIMETER_WALL_0 WINDOW,Monthly,0,12,True
959,Surface Shading Device Is On Time Fraction,,Avg,Zone,ZONE1_LEFTPERIMETER_WALL_0 WINDOW,Monthly,0,12,True
937,Surface Shading Device Is On Time Fraction,,Avg,Zone,ZONE1_REARPERIMETER_WALL_0 WINDOW,Monthly,0,12,True
999,Surface Shading Device Is On Time Fraction,,Avg,Zone,ZONE2_FRONTPERIMETER_WALL_0 WINDOW,Monthly,0,12,True
1061,Surface Shading Device Is On Time Fraction,,Avg,Zone,ZONE2_LEFTPERIMETER_WALL_0 WINDOW,Monthly,0,12,True
1039,Surface Shading Device Is On Time Fraction,,Avg,Zone,ZONE2_REARPERIMETER_WALL_0 WINDOW,Monthly,0,12,True
898,Surface Window Blind Slat Angle,deg,Avg,Zone,ZONE1_FRONTPERIMETER_WALL_0 WINDOW,Monthly,0,12,True
960,Surface Window Blind Slat Angle,deg,Avg,Zone,ZONE1_LEFTPERIMETER_WALL_0 WINDOW,Monthly,0,12,True
938,Surface Window Blind Slat Angle,deg,Avg,Zone,ZONE1_REARPERIMETER_WALL_0 WINDOW,Monthly,0,12,True
1000,Surface Window Blind Slat Angle,deg,Avg,Zone,ZONE2_FRONTPERIMETER_WALL_0 WINDOW,Monthly,0,12,True
1062,Surface Window Blind Slat Angle,deg,Avg,Zone,ZONE2_LEFTPERIMETER_WALL_0 WINDOW,Monthly,0,12,True
1040,Surface Window Blind Slat Angle,deg,Avg,Zone,ZONE2_REARPERIMETER_WALL_0 WINDOW,Monthly,0,12,True
820,Surface Window Heat Gain Energy,J,Sum,Zone,ZONE1_FRONTPERIMETER_WALL_0 WINDOW,Monthly,0,12,True
840,Surface Window Heat Gain Energy,J,Sum,Zone,ZONE1_LEFTPERIMETER_WALL_0 WINDOW,Monthly,0,12,True
830,Surface Window Heat Gain Energy,J,Sum,Zone,ZONE1_REARPERIMETER_WALL_0 WINDOW,Monthly,0,12,True
851,Surface Window Heat Gain Energy,J,Sum,Zone,ZONE2_FRONTPERIMETER_WALL_0 WINDOW,Monthly,0,12,True
874,Surface Window Heat Gain Energy,J,Sum,Zone,ZONE2_LEFTPERIMETER_WALL_0 WINDOW,Monthly,0,12,True
863,Surface Window Heat Gain Energy,J,Sum,Zone,ZONE2_REARPERIMETER_WALL_0 WINDOW,Monthly,0,12,True
817,Surface Window Heat Gain Rate,W,Avg,Zone,ZONE1_FRONTPERIMETER_WALL_0 WINDOW,Monthly,0,12,True
837,Surface Window Heat Gain Rate,W,Avg,Zone,ZONE1_LEFTPERIMETER_WALL_0 WINDOW,Monthly,0,12,True
827,Surface Window Heat Gain Rate,W,Avg,Zone,ZONE1_REARPERIMETER_WALL_0 WINDOW,Monthly,0,12,True
848,Surface Window Heat Gain Rate,W,Avg,Zone,ZONE2_FRONTPERIMETER_WALL_0 WINDOW,Monthly,0,12,True
871,Surface Window Heat Gain Rate,W,Avg,Zone,ZONE2_LEFTPERIMETER_WALL_0 WINDOW,Monthly,0,12,True
860,Surface Window Heat Gain Rate,W,Avg,Zone,ZONE2_REARPERIMETER_WALL_0 WINDOW,Monthly,0,12,True
821,Surface Window Heat Loss Energy,J,Sum,Zone,ZONE1_FRONTPERIMETER_WALL_0 WINDOW,Monthly,0,12,True
841,Surface Window Heat Loss Energy,J,Sum,Zone,ZONE1_LEFTPERIMETER_WALL_0 WINDOW,Monthly,0,12,True
831,Surface Window Heat Loss Energy,J,Sum,Zone,ZONE1_REARPERIMETER_WALL_0 WINDOW,Monthly,0,12,True
852,Surface Window Heat Loss Energy,J,Sum,Zone,ZONE2_FRONTPERIMETER_WALL_0 WINDOW,Monthly,0,12,True
875,Surface Window Heat Loss Energy,J,Sum,Zone,ZONE2_LEFTPERIMETER_WALL_0 WINDOW,Monthly,0,12,True
864,Surface Window Heat Loss Energy,J,Sum,Zone,ZONE2_REARPERIMETER_WALL_0 WINDOW,Monthly,0,12,True
818,Surface Window Heat Loss Rate,W,Avg,Zone,ZONE1_FRONTPERIMETER_WALL_0 WINDOW,Monthly,0,12,True
838,Surface Window Heat Loss Rate,W,Avg,Zone,ZONE1_LEFTPERIMETER_WALL_0 WINDOW,Monthly,0,12,True
828,Surface Window Heat Loss Rate,W,Avg,Zone,ZONE1_REARPERIMETER_WALL_0 WINDOW,Monthly,0,12,True
849,Surface Window Heat Loss Rate,W,Avg,Zone,ZONE2_FRONTPERIMETER_WALL_0 WINDOW,Monthly,0,12,True
872,Surface Window Heat Loss Rate,W,Avg,Zone,ZONE2_LEFTPERIMETER_WALL_0 WINDOW,Monthly,0,12,True
861,Surface Window Heat Loss Rate,W,Avg,Zone,ZONE2_REARPERIMETER_WALL_0 WINDOW,Monthly,0,12,True
819,Surface Window Shading Device Absorbed Solar Radiation Rate,W,Avg,Zone,ZONE1_FRONTPERIMETER_WALL_0 WINDOW,Monthly,0,12,True
839,Surface Window Shading Device Absorbed Solar Radiation Rate,W,Avg,Zone,ZONE1_LEFTPERIMETER_WALL_0 WINDOW,Monthly,0,12,True
829,Surface Window Shading Device Absorbed Solar Radiation Rate,W,Avg,Zone,ZONE1_REARPERIMETER_WALL_0 WINDOW,Monthly,0,12,True
850,Surface Window Shading Device Absorbed Solar Radiation Rate,W,Avg,Zone,ZONE2_FRONTPERIMETER_WALL_0 WINDOW,Monthly,0,12,True
873,Surface Window Shading Device Absorbed Solar Radiation Rate,W,Avg,Zone,ZONE2_LEFTPERIMETER_WALL_0 WINDOW,Monthly,0,12,True
862,Surface Window Shading Device Absorbed Solar Radiation Rate,W,Avg,Zone,ZONE2_REARPERIMETER_WALL_0 WINDOW,Monthly,0,12,True
815,Surface Window Transmitted Beam Solar Radiation Rate,W,Avg,Zone,ZONE1_FRONTPERIMETER_WALL_0 WINDOW,Monthly,0,12,True
835,Surface Window Transmitted Beam Solar Radiation Rate,W,Avg,Zone,ZONE1_LEFTPERIMETER_WALL_0 WINDOW,Monthly,0,12,True
825,Surface Window Transmitted Beam Solar Radiation Rate,W,Avg,Zone,ZONE1_REARPERIMETER_WALL_0 WINDOW,Monthly,0,12,True
846,Surface Window Transmitted Beam Solar Radiation Rate,W,Avg,Zone,ZONE2_FRONTPERIMETER_WALL_0 WINDOW,Monthly,0,12,True
869,Surface Window Transmitted Beam Solar Radiation Rate,W,Avg,Zone,ZONE2_LEFTPERIMETER_WALL_0 WINDOW,Monthly,0,12,True
858,Surface Window Transmitted Beam Solar Radiation Rate,W,Avg,Zone,ZONE2_REARPERIMETER_WALL_0 WINDOW,Monthly,0,12,True
816,Surface Window Transmitted Diffuse Solar Radiation Rate,W,Avg,Zone,ZONE1_FRONTPERIMETER_WALL_0 WINDOW,Monthly,0,12,True
836,Surface Window Transmitted Diffuse Solar Radiation Rate,W,Avg,Zone,ZONE1_LEFTPERIMETER_WALL_0 WINDOW,Monthly,0,12,True
826,Surface Window Transmitted Diffuse Solar Radiation Rate,W,Avg,Zone,ZONE1_REARPERIMETER_WALL_0 WINDOW,Monthly,0,12,True
847,Surface Window Transmitted Diffuse Solar Radiation Rate,W,Avg,Zone,ZONE2_FRONTPERIMETER_WALL_0 WINDOW,Monthly,0,12,True
870,Surface Window Transmitted Diffuse Solar Radiation Rate,W,Avg,Zone,ZONE2_LEFTPERIMETER_WALL_0 WINDOW,Monthly,0,12,True
859,Surface Window Transmitted Diffuse Solar Radiation Rate,W,Avg,Zone,ZONE2_REARPERIMETER_WALL_0 WINDOW,Monthly,0,12,True
814,Surface Window Transmitted Solar Radiation Rate,W,Avg,Zone,ZONE1_FRONTPERIMETER_WALL_0 WINDOW,Monthly,0,12,True
834,Surface Window Transmitted Solar Radiation Rate,W,Avg,Zone,ZONE1_LEFTPERIMETER_WALL_0 WINDOW,Monthly,0,12,True
824,Surface Window Transmitted Solar Radiation Rate,W,Avg,Zone,ZONE1_REARPERIMETER_WALL_0 WINDOW,Monthly,0,12,True
845,Surface Window Transmitted Solar Radiation Rate,W,Avg,Zone,ZONE2_FRONTPERIMETER_WALL_0 WINDOW,Monthly,0,12,True
868,Surface Window Transmitted Solar Radiation Rate,W,Avg,Zone,ZONE2_LEFTPERIMETER_WALL_0 WINDOW,Monthly,0,12,True
857,Surface Window Transmitted Solar Radiation Rate,W,Avg,Zone,ZONE2_REARPERIMETER_WALL_0 WINDOW,Monthly,0,12,True
2225,Water Heater Heating Energy,J,Sum,System,MYDHW_0_WATERHEATER,Monthly,0,12,True
1115,Zone Air Heat Balance Air Energy Storage Rate,W,Avg,System,ZONE1_CORE,Monthly,0,12,True
1087,Zone Air Heat Balance Air Energy Storage Rate,W,Avg,System,ZONE1_FRONTPERIMETER,Monthly,0,12,True
1108,Zone Air Heat Balance Air Energy Storage Rate,W,Avg,System,ZONE1_LEFTPERIMETER,Monthly,0,12,True
1101,Zone Air Heat Balance Air Energy Storage Rate,W,Avg,System,ZONE1_REARPERIMETER,Monthly,0,12,True
1094,Zone Air Heat Balance Air Energy Storage Rate,W,Avg,System,ZONE1_RIGHTPERIMETER,Monthly,0,12,True
1150,Zone Air Heat Balance Air Energy Storage Rate,W,Avg,System,ZONE2_CORE,Monthly,0,12,True
1122,Zone Air Heat Balance Air Energy Storage Rate,W,Avg,System,ZONE2_FRONTPERIMETER,Monthly,0,12,True
1143,Zone Air Heat Balance Air Energy Storage Rate,W,Avg,System,ZONE2_LEFTPERIMETER,Monthly,0,12,True
1136,Zone Air Heat Balance Air Energy Storage Rate,W,Avg,System,ZONE2_REARPERIMETER,Monthly,0,12,True
1129,Zone Air Heat Balance Air Energy Storage Rate,W,Avg,System,ZONE2_RIGHTPERIMETER,Monthly,0,12,True
1110,Zone Air Heat Balance Internal Convective Heat Gain Rate,W,Avg,System,ZONE1_CORE,Monthly,0,12,True
1082,Zone Air Heat Balance Internal Convective Heat Gain Rate,W,Avg,System,ZONE1_FRONTPERIMETER,Monthly,0,12,True
1103,Zone Air Heat Balance Internal Convective Heat Gain Rate,W,Avg,System,ZONE1_LEFTPERIMETER,Monthly,0,12,True
1096,Zone Air Heat Balance Internal Convective Heat Gain Rate,W,Avg,System,ZONE1_REARPERIMETER,Monthly,0,12,True
1089,Zone Air Heat Balance Internal Convective Heat Gain Rate,W,Avg,System,ZONE1_RIGHTPERIMETER,Monthly,0,12,True
1145,Zone Air Heat Balance Internal Convective Heat Gain Rate,W,Avg,System,ZONE2_CORE,Monthly,0,12,True
1117,Zone Air Heat Balance Internal Convective Heat Gain Rate,W,Avg,System,ZONE2_FRONTPERIMETER,Monthly,0,12,True
1138,Zone Air Heat Balance Internal Convective Heat Gain Rate,W,Avg,System,ZONE2_LEFTPERIMETER,Monthly,0,12,True
1131,Zone Air Heat Balance Internal Convective Heat Gain Rate,W,Avg,System,ZONE2_REARPERIMETER,Monthly,0,12,True
1124,Zone Air Heat Balance Internal Convective Heat Gain Rate,W,Avg,System,ZONE2_RIGHTPERIMETER,Monthly,0,12,True
1112,Zone Air Heat Balance Interzone Air Transfer Rate,W,Avg,System,ZONE1_CORE,Monthly,0,12,True
1084,Zone Air Heat Balance Interzone Air Transfer Rate,W,Avg,System,ZONE1_FRONTPERIMETER,Monthly,0,12,True
1105,Zone Air Heat Balance Interzone Air Transfer Rate,W,Avg,System,ZONE1_LEFTPERIMETER,Monthly,0,12,True
1098,Zone Air Heat Balance Interzone Air Transfer Rate,W,Avg,System,ZONE1_REARPERIMETER,Monthly,0,12,True
1091,Zone Air Heat Balance Interzone Air Transfer Rate,W,Avg,System,ZONE1_RIGHTPERIMETER,Monthly,0,12,True
1147,Zone Air Heat Balance Interzone Air Transfer Rate,W,Avg,System,ZONE2_CORE,Monthly,0,12,True
1119,Zone Air Heat Balance Interzone Air Transfer Rate,W,Avg,System,ZONE2_FRONTPERIMETER,Monthly,0,12,True
1140,Zone Air Heat Balance Interzone Air Transfer Rate,W,Avg,System,ZONE2_LEFTPERIMETER,Monthly,0,12,True
1133,Zone Air Heat Balance Interzone Air Transfer Rate,W,Avg,System,ZONE2_REARPERIMETER,Monthly,0,12,True
1126,Zone Air Heat Balance Interzone Air Transfer Rate,W,Avg,System,ZONE2_RIGHTPERIMETER,Monthly,0,12,True
1113,Zone Air Heat Balance Outdoor Air Transfer Rate,W,Avg,System,ZONE1_CORE,Monthly,0,12,True
1085,Zone Air Heat Balance Outdoor Air Transfer Rate,W,Avg,System,ZONE1_FRONTPERIMETER,Monthly,0,12,True
1106,Zone Air Heat Balance Outdoor Air Transfer Rate,W,Avg,System,ZONE1_LEFTPERIMETER,Monthly,0,12,True
1099,Zone Air Heat Balance Outdoor Air Transfer Rate,W,Avg,System,ZONE1_REARPERIMETER,Monthly,0,12,True
1092,Zone Air Heat Balance Outdoor Air Transfer Rate,W,Avg,System,ZONE1_RIGHTPERIMETER,Monthly,0,12,True
1148,Zone Air Heat Balance Outdoor Air Transfer Rate,W,Avg,System,ZONE2_CORE,Monthly,0,12,True
1120,Zone Air Heat Balance Outdoor Air Transfer Rate,W,Avg,System,ZONE2_FRONTPERIMETER,Monthly,0,12,True
1141,Zone Air Heat Balance Outdoor Air Transfer Rate,W,Avg,System,ZONE2_LEFTPERIMETER,Monthly,0,12,True
1134,Zone Air Heat Balance Outdoor Air Transfer Rate,W,Avg,System,ZONE2_REARPERIMETER,Monthly,0,12,True
1127,Zone Air Heat Balance Outdoor Air Transfer Rate,W,Avg,System,ZONE2_RIGHTPERIMETER,Monthly,0,12,True
1111,Zone Air Heat Balance Surface Convection Rate,W,Avg,System,ZONE1_CORE,Monthly,0,12,True
1083,Zone Air Heat Balance Surface Convection Rate,W,Avg,System,ZONE1_FRONTPERIMETER,Monthly,0,12,True
1104,Zone Air Heat Balance Surface Convection Rate,W,Avg,System,ZONE1_LEFTPERIMETER,Monthly,0,12,True
1097,Zone Air Heat Balance Surface Convection Rate,W,Avg,System,ZONE1_REARPERIMETER,Monthly,0,12,True
1090,Zone Air Heat Balance Surface Convection Rate,W,Avg,System,ZONE1_RIGHTPERIMETER,Monthly,0,12,True
1146,Zone Air Heat Balance Surface Convection Rate,W,Avg,System,ZONE2_CORE,Monthly,0,12,True
1118,Zone Air Heat Balance Surface Convection Rate,W,Avg,System,ZONE2_FRONTPERIMETER,Monthly,0,12,True
1139,Zone Air Heat Balance Surface Convection Rate,W,Avg,System,ZONE2_LEFTPERIMETER,Monthly,0,12,True
1132,Zone Air Heat Balance Surface Convection Rate,W,Avg,System,ZONE2_REARPERIMETER,Monthly,0,12,True
1125,Zone Air Heat Balance Surface Convection Rate,W,Avg,System,ZONE2_RIGHTPERIMETER,Monthly,0,12,True
1114,Zone Air Heat Balance System Air Transfer Rate,W,Avg,System,ZONE1_CORE,Monthly,0,12,True
1086,Zone Air Heat Balance System Air Transfer Rate,W,Avg,System,ZONE1_FRONTPERIMETER,Monthly,0,12,True
1107,Zone Air Heat Balance System Air Transfer Rate,W,Avg,System,ZONE1_LEFTPERIMETER,Monthly,0,12,True
1100,Zone Air Heat Balance System Air Transfer Rate,W,Avg,System,ZONE1_REARPERIMETER,Monthly,0,12,True
1093,Zone Air Heat Balance System Air Transfer Rate,W,Avg,System,ZONE1_RIGHTPERIMETER,Monthly,0,12,True
1149,Zone Air Heat Balance System Air Transfer Rate,W,Avg,System,ZONE2_CORE,Monthly,0,12,True
1121,Zone Air Heat Balance System Air Transfer Rate,W,Avg,System,ZONE2_FRONTPERIMETER,Monthly,0,12,True
1142,Zone Air Heat Balance System Air Transfer Rate,W,Avg,System,ZONE2_LEFTPERIMETER,Monthly,0,12,True
1135,Zone Air Heat Balance System Air Transfer Rate,W,Avg,System,ZONE2_REARPERIMETER,Monthly,0,12,True
1128,Zone Air Heat Balance System Air Transfer Rate,W,Avg,System,ZONE2_RIGHTPERIMETER,Monthly,0,12,True
1566,Zone Air System Sensible Cooling Energy,J,Sum,System,ZONE1_CORE,Monthly,0,12,True
1286,Zone Air System Sensible Cooling Energy,J,Sum,System,ZONE1_FRONTPERIMETER,Monthly,0,12,True
1502,Zone Air System Sensible Cooling Energy,J,Sum,System,ZONE1_LEFTPERIMETER,Monthly,0,12,True
1438,Zone Air System Sensible Cooling Energy,J,Sum,System,ZONE1_REARPERIMETER,Monthly,0,12,True
1374,Zone Air System Sensible Cooling Energy,J,Sum,System,ZONE1_RIGHTPERIMETER,Monthly,0,12,True
1886,Zone Air System Sensible Cooling Energy,J,Sum,System,ZONE2_CORE,Monthly,0,12,True
1630,Zone Air System Sensible Cooling Energy,J,Sum,System,ZONE2_FRONTPERIMETER,Monthly,0,12,True
1822,Zone Air System Sensible Cooling Energy,J,Sum,System,ZONE2_LEFTPERIMETER,Monthly,0,12,True
1758,Zone Air System Sensible Cooling Energy,J,Sum,System,ZONE2_REARPERIMETER,Monthly,0,12,True
1694,Zone Air System Sensible Cooling Energy,J,Sum,System,ZONE2_RIGHTPERIMETER,Monthly,0,12,True
1592,Zone Air System Sensible Cooling Rate,W,Avg,System,ZONE1_CORE,Monthly,0,12,True
1336,Zone Air System Sensible Cooling Rate,W,Avg,System,ZONE1_FRONTPERIMETER,Monthly,0,12,True
1528,Zone Air System Sensible Cooling Rate,W,Avg,System,ZONE1_LEFTPERIMETER,Monthly,0,12,True
1464,Zone Air System Sensible Cooling Rate,W,Avg,System,ZONE1_REARPERIMETER,Monthly,0,12,True
1400,Zone Air System Sensible Cooling Rate,W,Avg,System,ZONE1_RIGHTPERIMETER,Monthly,0,12,True
1912,Zone Air System Sensible Cooling Rate,W,Avg,System,ZONE2_CORE,Monthly,0,12,True
1656,Zone Air System Sensible Cooling Rate,W,Avg,System,ZONE2_FRONTPERIMETER,Monthly,0,12,True
1848,Zone Air System Sensible Cooling Rate,W,Avg,System,ZONE2_LEFTPERIMETER,Monthly,0,12,True
1784,Zone Air System Sensible Cooling Rate,W,Avg,System,ZONE2_REARPERIMETER,Monthly,0,12,True
1720,Zone Air System Sensible Cooling Rate,W,Avg,System,ZONE2_RIGHTPERIMETER,Monthly,0,12,True
1529,Zone Air System Sensible Heating Energy,J,Sum,System,ZONE1_CORE,Monthly,0,12,True
1201,Zone Air System Sensible Heating Energy,J,Sum,System,ZONE1_FRONTPERIMETER,Monthly,0,12,True
1465,Zone Air System Sensible Heating Energy,J,Sum,System,ZONE1_LEFTPERIMETER,Monthly,0,12,True
1401,Zone Air System Sensible Heating Energy,J,Sum,System,ZONE1_REARPERIMETER,Monthly,0,12,True
1337,Zone Air System Sensible Heating Energy,J,Sum,System,ZONE1_RIGHTPERIMETER,Monthly,0,12,True
1849,Zone Air System Sensible Heating Energy,J,Sum,System,ZONE2_CORE,Monthly,0,12,True
1593,Zone Air System Sensible Heating Energy,J,Sum,System,ZONE2_FRONTPERIMETER,Monthly,0,12,True
1785,Zone Air System Sensible Heating Energy,J,Sum,System,ZONE2_LEFTPERIMETER,Monthly,0,12,True
1721,Zone Air System Sensible Heating Energy,J,Sum,System,ZONE2_REARPERIMETER,Monthly,0,12,True
1657,Zone Air System Sensible Heating Energy,J,Sum,System,ZONE2_RIGHTPERIMETER,Monthly,0,12,True
1591,Zone Air System Sensible Heating Rate,W,Avg,System,ZONE1_CORE,Monthly,0,12,True
1335,Zone Air System Sensible Heating Rate,W,Avg,System,ZONE1_FRONTPERIMETER,Monthly,0,12,True
1527,Zone Air System Sensible Heating Rate,W,Avg,System,ZONE1_LEFTPERIMETER,Monthly,0,12,True
1463,Zone Air System Sensible Heating Rate,W,Avg,System,ZONE1_REARPERIMETER,Monthly,0,12,True
1399,Zone Air System Sensible Heating Rate,W,Avg,System,ZONE1_RIGHTPERIMETER,Monthly,0,12,True
1911,Zone Air System Sensible Heating Rate,W,Avg,System,ZONE2_CORE,Monthly,0,12,True
1655,Zone Air System Sensible Heating Rate,W,Avg,System,ZONE2_FRONTPERIMETER,Monthly,0,12,True
1847,Zone Air System Sensible Heating Rate,W,Avg,System,ZONE2_LEFTPERIMETER,Monthly,0,12,True
1783,Zone Air System Sensible Heating Rate,W,Avg,System,ZONE2_REARPERIMETER,Monthly,0,12,True
1719,Zone Air System Sensible Heating Rate,W,Avg,System,ZONE2_RIGHTPERIMETER,Monthly,0,12,True
1174,Zone Infiltration Latent Heat Gain Energy,J,Sum,System,ZONE1_CORE,Monthly,0,12,True
1154,Zone Infiltration Latent Heat Gain Energy,J,Sum,System,ZONE1_FRONTPERIMETER,Monthly,0,12,True
1169,Zone Infiltration Latent Heat Gain Energy,J,Sum,System,ZONE1_LEFTPERIMETER,Monthly,0,12,True
1164,Zone Infiltration Latent Heat Gain Energy,J,Sum,System,ZONE1_REARPERIMETER,Monthly,0,12,True
1159,Zone Infiltration Latent Heat Gain Energy,J,Sum,System,ZONE1_RIGHTPERIMETER,Monthly,0,12,True
1199,Zone Infiltration Latent Heat Gain Energy,J,Sum,System,ZONE2_CORE,Monthly,0,12,True
1179,Zone Infiltration Latent Heat Gain Energy,J,Sum,System,ZONE2_FRONTPERIMETER,Monthly,0,12,True
1194,Zone Infiltration Latent Heat Gain Energy,J,Sum,System,ZONE2_LEFTPERIMETER,Monthly,0,12,True
1189,Zone Infiltration Latent Heat Gain Energy,J,Sum,System,ZONE2_REARPERIMETER,Monthly,0,12,True
1184,Zone Infiltration Latent Heat Gain Energy,J,Sum,System,ZONE2_RIGHTPERIMETER,Monthly,0,12,True
1173,Zone Infiltration Latent Heat Loss Energy,J,Sum,System,ZONE1_CORE,Monthly,0,12,True
1153,Zone Infiltration Latent Heat Loss Energy,J,Sum,System,ZONE1_FRONTPERIMETER,Monthly,0,12,True
1168,Zone Infiltration Latent Heat Loss Energy,J,Sum,System,ZONE1_LEFTPERIMETER,Monthly,0,12,True
1163,Zone Infiltration Latent Heat Loss Energy,J,Sum,System,ZONE1_REARPERIMETER,Monthly,0,12,True
1158,Zone Infiltration Latent Heat Loss Energy,J,Sum,System,ZONE1_RIGHTPERIMETER,Monthly,0,12,True
1198,Zone Infiltration Latent Heat Loss Energy,J,Sum,System,ZONE2_CORE,Monthly,0,12,True
1178,Zone Infiltration Latent Heat Loss Energy,J,Sum,System,ZONE2_FRONTPERIMETER,Monthly,0,12,True
1193,Zone Infiltration Latent Heat Loss Energy,J,Sum,System,ZONE2_LEFTPERIMETER,Monthly,0,12,True
1188,Zone Infiltration Latent Heat Loss Energy,J,Sum,System,ZONE2_REARPERIMETER,Monthly,0,12,True
1183,Zone Infiltration Latent Heat Loss Energy,J,Sum,System,ZONE2_RIGHTPERIMETER,Monthly,0,12,True
1172,Zone Infiltration Sensible Heat Gain Energy,J,Sum,System,ZONE1_CORE,Monthly,0,12,True
1152,Zone Infiltration Sensible Heat Gain Energy,J,Sum,System,ZONE1_FRONTPERIMETER,Monthly,0,12,True
1167,Zone Infiltration Sensible Heat Gain Energy,J,Sum,System,ZONE1_LEFTPERIMETER,Monthly,0,12,True
1162,Zone Infiltration Sensible Heat Gain Energy,J,Sum,System,ZONE1_REARPERIMETER,Monthly,0,12,True
1157,Zone Infiltration Sensible Heat Gain Energy,J,Sum,System,ZONE1_RIGHTPERIMETER,Monthly,0,12,True
1197,Zone Infiltration Sensible Heat Gain Energy,J,Sum,System,ZONE2_CORE,Monthly,0,12,True
1177,Zone Infiltration Sensible Heat Gain Energy,J,Sum,System,ZONE2_FRONTPERIMETER,Monthly,0,12,True
1192,Zone Infiltration Sensible Heat Gain Energy,J,Sum,System,ZONE2_LEFTPERIMETER,Monthly,0,12,True
1187,Zone Infiltration Sensible Heat Gain Energy,J,Sum,System,ZONE2_REARPERIMETER,Monthly,0,12,True
1182,Zone Infiltration Sensible Heat Gain Energy,J,Sum,System,ZONE2_RIGHTPERIMETER,Monthly,0,12,True
1171,Zone Infiltration Sensible Heat Loss Energy,J,Sum,System,ZONE1_CORE,Monthly,0,12,True
1151,Zone Infiltration Sensible Heat Loss Energy,J,Sum,System,ZONE1_FRONTPERIMETER,Monthly,0,12,True
1166,Zone Infiltration Sensible Heat Loss Energy,J,Sum,System,ZONE1_LEFTPERIMETER,Monthly,0,12,True
1161,Zone Infiltration Sensible Heat Loss Energy,J,Sum,System,ZONE1_REARPERIMETER,Monthly,0,12,True
1156,Zone Infiltration Sensible Heat Loss Energy,J,Sum,System,ZONE1_RIGHTPERIMETER,Monthly,0,12,True
1196,Zone Infiltration Sensible Heat Loss Energy,J,Sum,System,ZONE2_CORE,Monthly,0,12,True
1176,Zone Infiltration Sensible Heat Loss Energy,J,Sum,System,ZONE2_FRONTPERIMETER,Monthly,0,12,True
1191,Zone Infiltration Sensible Heat Loss Energy,J,Sum,System,ZONE2_LEFTPERIMETER,Monthly,0,12,True
1186,Zone Infiltration Sensible Heat Loss Energy,J,Sum,System,ZONE2_REARPERIMETER,Monthly,0,12,True
1181,Zone Infiltration Sensible Heat Loss Energy,J,Sum,System,ZONE2_RIGHTPERIMETER,Monthly,0,12,True
1175,Zone Infiltration Standard Density Volume Flow Rate,m3/s,Avg,System,ZONE1_CORE,Monthly,0,12,True
1155,Zone Infiltration Standard Density Volume Flow Rate,m3/s,Avg,System,ZONE1_FRONTPERIMETER,Monthly,0,12,True
1170,Zone Infiltration Standard Density Volume Flow Rate,m3/s,Avg,System,ZONE1_LEFTPERIMETER,Monthly,0,12,True
1165,Zone Infiltration Standard Density Volume Flow Rate,m3/s,Avg,System,ZONE1_REARPERIMETER,Monthly,0,12,True
1160,Zone Infiltration Standard Density Volume Flow Rate,m3/s,Avg,System,ZONE1_RIGHTPERIMETER,Monthly,0,12,True
1200,Zone Infiltration Standard Density Volume Flow Rate,m3/s,Avg,System,ZONE2_CORE,Monthly,0,12,True
1180,Zone Infiltration Standard Density Volume Flow Rate,m3/s,Avg,System,ZONE2_FRONTPERIMETER,Monthly,0,12,True
1195,Zone Infiltration Standard Density Volume Flow Rate,m3/s,Avg,System,ZONE2_LEFTPERIMETER,Monthly,0,12,True
1190,Zone Infiltration Standard Density Volume Flow Rate,m3/s,Avg,System,ZONE2_REARPERIMETER,Monthly,0,12,True
1185,Zone Infiltration Standard Density Volume Flow Rate,m3/s,Avg,System,ZONE2_RIGHTPERIMETER,Monthly,0,12,True
1109,Zone Mean Air Temperature,C,Avg,Zone,ZONE1_CORE,Monthly,0,12,True
1081,Zone Mean Air Temperature,C,Avg,Zone,ZONE1_FRONTPERIMETER,Monthly,0,12,True
1102,Zone Mean Air Temperature,C,Avg,Zone,ZONE1_LEFTPERIMETER,Monthly,0,12,True
1095,Zone Mean Air Temperature,C,Avg,Zone,ZONE1_REARPERIMETER,Monthly,0,12,True
1088,Zone Mean Air Temperature,C,Avg,Zone,ZONE1_RIGHTPERIMETER,Monthly,0,12,True
1144,Zone Mean Air Temperature,C,Avg,Zone,ZONE2_CORE,Monthly,0,12,True
1116,Zone Mean Air Temperature,C,Avg,Zone,ZONE2_FRONTPERIMETER,Monthly,0,12,True
1137,Zone Mean Air Temperature,C,Avg,Zone,ZONE2_LEFTPERIMETER,Monthly,0,12,True
1130,Zone Mean Air Temperature,C,Avg,Zone,ZONE2_REARPERIMETER,Monthly,0,12,True
1123,Zone Mean Air Temperature,C,Avg,Zone,ZONE2_RIGHTPERIMETER,Monthly,0,12,True
786,Zone Mean Radiant Temperature,C,Avg,Zone,ZONE1_CORE,Monthly,0,12,True
782,Zone Mean Radiant Temperature,C,Avg,Zone,ZONE1_FRONTPERIMETER,Monthly,0,12,True
785,Zone Mean Radiant Temperature,C,Avg,Zone,ZONE1_LEFTPERIMETER,Monthly,0,12,True
784,Zone Mean Radiant Temperature,C,Avg,Zone,ZONE1_REARPERIMETER,Monthly,0,12,True
783,Zone Mean Radiant Temperature,C,Avg,Zone,ZONE1_RIGHTPERIMETER,Monthly,0,12,True
791,Zone Mean Radiant Temperature,C,Avg,Zone,ZONE2_CORE,Monthly,0,12,True
787,Zone Mean Radiant Temperature,C,Avg,Zone,ZONE2_FRONTPERIMETER,Monthly,0,12,True
790,Zone Mean Radiant Temperature,C,Avg,Zone,ZONE2_LEFTPERIMETER,Monthly,0,12,True
789,Zone Mean Radiant Temperature,C,Avg,Zone,ZONE2_REARPERIMETER,Monthly,0,12,True
788,Zone Mean Radiant Temperature,C,Avg,Zone,ZONE2_RIGHTPERIMETER,Monthly,0,12,True
2442,Zone Mechanical Ventilation Mass Flow Rate,kg/s,Avg,HVAC,ZONE1_CORE,Monthly,0,12,True
2438,Zone Mechanical Ventilation Mass Flow Rate,kg/s,Avg,HVAC,ZONE1_FRONTPERIMETER,Monthly,0,12,True
2441,Zone Mechanical Ventilation Mass Flow Rate,kg/s,Avg,HVAC,ZONE1_LEFTPERIMETER,Monthly,0,12,True
2440,Zone Mechanical Ventilation Mass Flow Rate,kg/s,Avg,HVAC,ZONE1_REARPERIMETER,Monthly,0,12,True
2439,Zone Mechanical Ventilation Mass Flow Rate,kg/s,Avg,HVAC,ZONE1_RIGHTPERIMETER,Monthly,0,12,True
2447,Zone Mechanical Ventilation Mass Flow Rate,kg/s,Avg,HVAC,ZONE2_CORE,Monthly,0,12,True
2443,Zone Mechanical Ventilation Mass Flow Rate,kg/s,Avg,HVAC,ZONE2_FRONTPERIMETER,Monthly,0,12,True
2446,Zone Mechanical Ventilation Mass Flow Rate,kg/s,Avg,HVAC,ZONE2_LEFTPERIMETER,Monthly,0,12,True
2445,Zone Mechanical Ventilation Mass Flow Rate,kg/s,Avg,HVAC,ZONE2_REARPERIMETER,Monthly,0,12,True
2444,Zone Mechanical Ventilation Mass Flow Rate,kg/s,Avg,HVAC,ZONE2_RIGHTPERIMETER,Monthly,0,12,True
801,Zone Windows Total Transmitted Solar Radiation Energy,J,Sum,Zone,ZONE1_CORE,Monthly,0,12,True
793,Zone Windows Total Transmitted Solar Radiation Energy,J,Sum,Zone,ZONE1_FRONTPERIMETER,Monthly,0,12,True
799,Zone Windows Total Transmitted Solar Radiation Energy,J,Sum,Zone,ZONE1_LEFTPERIMETER,Monthly,0,12,True
797,Zone Windows Total Transmitted Solar Radiation Energy,J,Sum,Zone,ZONE1_REARPERIMETER,Monthly,0,12,True
795,Zone Windows Total Transmitted Solar Radiation Energy,J,Sum,Zone,ZONE1_RIGHTPERIMETER,Monthly,0,12,True
811,Zone Windows Total Transmitted Solar Radiation Energy,J,Sum,Zone,ZONE2_CORE,Monthly,0,12,True
803,Zone Windows Total Transmitted Solar Radiation Energy,J,Sum,Zone,ZONE2_FRONTPERIMETER,Monthly,0,12,True
809,Zone Windows Total Transmitted Solar Radiation Energy,J,Sum,Zone,ZONE2_LEFTPERIMETER,Monthly,0,12,True
807,Zone Windows Total Transmitted Solar Radiation Energy,J,Sum,Zone,ZONE2_REARPERIMETER,Monthly,0,12,True
805,Zone Windows Total Transmitted Solar Radiation Energy,J,Sum,Zone,ZONE2_RIGHTPERIMETER,Monthly,0,12,True
800,Zone Windows Total Transmitted Solar Radiation Rate,W,Avg,Zone,ZONE1_CORE,Monthly,0,12,True
792,Zone Windows Total Transmitted Solar Radiation Rate,W,Avg,Zone,ZONE1_FRONTPERIMETER,Monthly,0,12,True
798,Zone Windows Total Transmitted Solar Radiation Rate,W,Avg,Zone,ZONE1_LEFTPERIMETER,Monthly,0,12,True
796,Zone Windows Total Transmitted Solar Radiation Rate,W,Avg,Zone,ZONE1_REARPERIMETER,Monthly,0,12,True
794,Zone Windows Total Transmitted Solar Radiation Rate,W,Avg,Zone,ZONE1_RIGHTPERIMETER,Monthly,0,12,True
810,Zone Windows Total Transmitted Solar Radiation Rate,W,Avg,Zone,ZONE2_CORE,Monthly,0,12,True
802,Zone Windows Total Transmitted Solar Radiation Rate,W,Avg,Zone,ZONE2_FRONTPERIMETER,Monthly,0,12,True
808,Zone Windows Total Transmitted Solar Radiation Rate,W,Avg,Zone,ZONE2_LEFTPERIMETER,Monthly,0,12,True
806,Zone Windows Total Transmitted Solar Radiation Rate,W,Avg,Zone,ZONE2_REARPERIMETER,Monthly,0,12,True
804,Zone Windows Total Transmitted Solar Radiation Rate,W,Avg,Zone,ZONE2_RIGHTPERIMETER,Monthly,0,12,True
